{"cameraMode":{"drawMode":0,"name":"Shaded","section":"Shading Mode"},"sceneLighting":true,"audioPlay":false,"sceneViewState":{"m_AlwaysRefresh":false,"showFog":true,"showSkybox":true,"showFlares":true,"showImageEffects":true,"showParticleSystems":true,"showVisualEffectGraphs":true,"m_FxEnabled":true},"in2DMode":false,"pivot":{"x":0.43126314878463747,"y":0.890964925289154,"z":0.37773585319519045},"rotation":{"x":0.09540773183107376,"y":0.6872982382774353,"z":-0.09184567630290985,"w":0.7141922116279602},"size":27.613840103149415,"orthographic":false}