{"cameraMode":{"drawMode":0,"name":"Shaded","section":"Shading Mode"},"sceneLighting":true,"audioPlay":false,"sceneViewState":{"m_AlwaysRefresh":false,"showFog":true,"showSkybox":true,"showFlares":true,"showImageEffects":true,"showParticleSystems":true,"showVisualEffectGraphs":true,"m_FxEnabled":true},"in2DMode":false,"pivot":{"x":-0.3947577476501465,"y":1.774529218673706,"z":1.0966830253601075},"rotation":{"x":0.3020355701446533,"y":-0.0002794096653815359,"z":0.0000670565859763883,"w":0.9533073306083679},"size":4.4979777336120609,"orthographic":false}