{"cameraMode":{"drawMode":0,"name":"Shaded","section":"Shading Mode"},"sceneLighting":true,"audioPlay":false,"sceneViewState":{"m_AlwaysRefresh":false,"showFog":true,"showSkybox":true,"showFlares":true,"showImageEffects":true,"showParticleSystems":true,"showVisualEffectGraphs":true,"m_FxEnabled":true},"in2DMode":false,"pivot":{"x":2.5858242511749269,"y":1.7810945510864258,"z":-8.773710250854493},"rotation":{"x":0.20754194259643556,"y":-0.1695152372121811,"z":0.036520395427942279,"w":0.9627304077148438},"size":4.6549177169799809,"orthographic":false}