{"cameraMode":{"drawMode":0,"name":"Shaded","section":"Shading Mode"},"sceneLighting":true,"audioPlay":false,"sceneViewState":{"m_AlwaysRefresh":false,"showFog":true,"showSkybox":true,"showFlares":true,"showImageEffects":true,"showParticleSystems":true,"showVisualEffectGraphs":true,"m_FxEnabled":true},"in2DMode":false,"pivot":{"x":-0.12915587425231934,"y":-0.10940265655517578,"z":-0.3133571147918701},"rotation":{"x":0.4180513918399811,"y":-0.0098073435947299,"z":0.0044899568893015389,"w":0.9083648920059204},"size":6.474365234375,"orthographic":false}