{"cameraMode":{"drawMode":0,"name":"Shaded","section":"Shading Mode"},"sceneLighting":true,"audioPlay":false,"sceneViewState":{"m_AlwaysRefresh":false,"showFog":true,"showSkybox":true,"showFlares":true,"showImageEffects":true,"showParticleSystems":true,"showVisualEffectGraphs":true,"m_FxEnabled":true},"in2DMode":false,"pivot":{"x":-0.00000286102294921875,"y":0.9419419765472412,"z":-0.00031062960624694824},"rotation":{"x":0.07719559222459793,"y":-0.03617138788104057,"z":0.002780498471111059,"w":0.9963492751121521},"size":5.392739295959473,"orthographic":false}